{ "compressionlevel":-1,
 "height":15,
 "infinite":false,
 "layers":[
        {
         "data":[8, 8, 8, 8, 8, 8, 8, 8, 8, 8, 8, 8, 8, 8, 8, 8, 8, 8, 8, 8,
            8, 1, 8, 1, 8, 1, 1, 1, 1, 1, 1, 1, 1, 1, 8, 1, 1, 1, 1, 8,
            8, 8, 8, 1, 8, 1, 1, 1, 1, 1, 1, 1, 1, 1, 8, 1, 1, 1, 1, 8,
            8, 1, 1, 1, 8, 1, 1, 1, 1, 1, 1, 1, 1, 1, 8, 1, 1, 1, 1, 8,
            8, 1, 1, 1, 8, 1, 1, 1, 1, 1, 29, 1, 1, 1, 8, 1, 1, 1, 1, 8,
            8, 1, 1, 1, 8, 31, 1, 8, 8, 8, 8, 8, 1, 31, 8, 1, 1, 1, 1, 8,
            8, 1, 1, 1, 8, 1, 1, 8, 8, 8, 8, 8, 1, 1, 8, 1, 1, 1, 1, 8,
            8, 1, 1, 1, 8, 1, 1, 8, 8, 8, 8, 8, 1, 1, 8, 1, 1, 1, 1, 8,
            8, 1, 1, 1, 8, 8, 1, 8, 8, 1, 1, 1, 1, 1, 8, 1, 1, 1, 1, 8,
            8, 1, 1, 1, 8, 8, 1, 1, 1, 31, 1, 1, 1, 1, 8, 1, 1, 1, 1, 8,
            8, 1, 1, 1, 8, 8, 1, 1, 1, 8, 8, 8, 8, 8, 8, 1, 1, 1, 1, 8,
            8, 1, 1, 1, 8, 8, 8, 8, 8, 8, 1, 1, 1, 1, 1, 1, 1, 1, 1, 8,
            8, 1, 1, 1, 1, 1, 1, 1, 1, 1, 1, 1, 1, 1, 1, 1, 1, 1, 1, 8,
            8, 1, 1, 1, 1, 1, 1, 1, 1, 1, 1, 1, 1, 1, 1, 1, 1, 1, 1, 8,
            8, 8, 8, 8, 8, 8, 8, 8, 8, 8, 8, 8, 8, 8, 8, 8, 8, 8, 8, 8],
         "height":15,
         "id":1,
         "name":"template",
         "opacity":1,
         "type":"tilelayer",
         "visible":true,
         "width":20,
         "x":0,
         "y":0
        }, 
        {
         "data":[9, 20, 25, 20, 25, 20, 20, 20, 20, 20, 20, 20, 20, 20, 25, 20, 20, 20, 20, 10,
            14, 0, 11, 0, 11, 0, 0, 0, 0, 0, 0, 0, 0, 0, 11, 0, 0, 0, 0, 12,
            9, 16, 21, 0, 11, 0, 0, 0, 0, 0, 0, 0, 0, 0, 11, 0, 0, 0, 0, 12,
            14, 0, 0, 0, 11, 0, 0, 0, 0, 0, 0, 0, 0, 0, 11, 0, 0, 0, 0, 12,
            14, 0, 0, 0, 11, 0, 0, 0, 0, 0, 0, 0, 0, 0, 11, 0, 0, 0, 0, 12,
            14, 0, 0, 0, 11, 0, 0, 5, 6, 6, 6, 7, 0, 0, 11, 0, 0, 0, 0, 12,
            14, 0, 0, 0, 11, 0, 0, 12, 13, 13, 13, 14, 0, 0, 11, 0, 0, 0, 0, 12,
            14, 0, 0, 0, 11, 0, 0, 12, 9, 20, 20, 21, 0, 0, 11, 0, 0, 0, 0, 12,
            14, 0, 0, 0, 12, 7, 0, 19, 21, 0, 0, 0, 0, 0, 11, 0, 0, 0, 0, 12,
            14, 0, 0, 0, 12, 14, 0, 0, 0, 0, 0, 0, 0, 0, 11, 0, 0, 0, 0, 12,
            14, 0, 0, 0, 12, 14, 0, 0, 0, 2, 16, 16, 16, 16, 21, 0, 0, 0, 0, 12,
            14, 0, 0, 0, 19, 20, 16, 16, 16, 21, 0, 0, 0, 0, 0, 0, 0, 0, 0, 12,
            14, 0, 0, 0, 0, 0, 0, 0, 0, 0, 0, 0, 0, 0, 0, 0, 0, 0, 0, 12,
            14, 0, 0, 0, 0, 0, 0, 0, 0, 0, 0, 0, 0, 0, 0, 0, 0, 0, 0, 12,
            13, 6, 6, 6, 6, 6, 6, 6, 6, 6, 6, 6, 6, 6, 6, 6, 6, 6, 6, 13],
         "height":15,
         "id":2,
         "name":"walls",
         "opacity":1,
         "type":"tilelayer",
         "visible":true,
         "width":20,
         "x":0,
         "y":0
        }],
 "nextlayerid":3,
 "nextobjectid":1,
 "orientation":"orthogonal",
 "renderorder":"right-down",
 "tiledversion":"1.9.0",
 "tileheight":8,
 "tilesets":[
        {
         "firstgid":1,
         "source":"tileset.tsx"
        }],
 "tilewidth":8,
 "type":"map",
 "version":"1.9",
 "width":20
}