{ "compressionlevel":-1,
 "height":9,
 "infinite":false,
 "layers":[
        {
         "data":[8, 8, 8, 8, 8, 8, 8, 8, 8, 8, 8, 8, 8,
            8, 8, 8, 8, 8, 29, 8, 29, 8, 8, 8, 8, 8,
            8, 8, 8, 8, 30, 1, 8, 1, 30, 8, 8, 8, 8,
            8, 8, 30, 8, 8, 1, 8, 1, 8, 8, 30, 8, 8,
            8, 1, 1, 1, 8, 1, 1, 1, 8, 1, 1, 1, 8,
            8, 1, 1, 1, 1, 1, 1, 1, 1, 1, 1, 1, 8,
            8, 8, 1, 8, 8, 1, 1, 1, 8, 8, 1, 8, 8,
            8, 8, 30, 8, 8, 8, 8, 8, 8, 8, 30, 8, 8,
            8, 8, 8, 8, 8, 8, 8, 8, 8, 8, 8, 8, 8],
         "height":9,
         "id":1,
         "name":"template",
         "opacity":1,
         "type":"tilelayer",
         "visible":true,
         "width":13,
         "x":0,
         "y":0
        }, 
        {
         "data":[5, 6, 6, 6, 28, 16, 26, 16, 27, 6, 6, 6, 7,
            12, 13, 13, 9, 21, 0, 11, 0, 19, 10, 13, 13, 14,
            12, 9, 20, 23, 0, 0, 11, 0, 0, 24, 20, 10, 14,
            24, 21, 0, 19, 3, 0, 18, 0, 2, 21, 0, 19, 23,
            11, 0, 0, 0, 18, 0, 0, 0, 18, 0, 0, 0, 11,
            11, 0, 0, 0, 0, 0, 0, 0, 0, 0, 0, 0, 11,
            12, 7, 0, 5, 7, 0, 0, 0, 5, 7, 0, 5, 14,
            12, 14, 0, 12, 13, 6, 6, 6, 13, 14, 0, 12, 14,
            19, 20, 16, 20, 20, 20, 20, 20, 20, 20, 16, 20, 21],
         "height":9,
         "id":2,
         "name":"walls",
         "opacity":1,
         "type":"tilelayer",
         "visible":true,
         "width":13,
         "x":0,
         "y":0
        }],
 "nextlayerid":3,
 "nextobjectid":1,
 "orientation":"orthogonal",
 "renderorder":"right-down",
 "tiledversion":"1.9.0",
 "tileheight":8,
 "tilesets":[
        {
         "firstgid":1,
         "source":"tileset.tsx"
        }],
 "tilewidth":8,
 "type":"map",
 "version":"1.9",
 "width":13
}