{ "compressionlevel":-1,
 "height":10,
 "infinite":false,
 "layers":[
        {
         "data":[8, 8, 8, 8, 8, 8, 8, 8, 8, 8, 8, 8, 8, 8, 8, 8, 8,
            8, 30, 1, 1, 1, 8, 30, 8, 8, 8, 30, 8, 1, 1, 30, 8, 8,
            8, 8, 8, 29, 1, 1, 1, 1, 31, 1, 1, 1, 1, 29, 8, 8, 8,
            8, 8, 8, 1, 1, 8, 30, 8, 1, 8, 30, 8, 1, 1, 8, 8, 8,
            8, 8, 30, 1, 1, 8, 8, 30, 1, 30, 8, 8, 1, 1, 1, 30, 8,
            8, 8, 8, 8, 8, 8, 8, 30, 1, 30, 8, 8, 8, 8, 8, 8, 8,
            8, 8, 8, 8, 8, 8, 1, 1, 29, 1, 1, 8, 8, 8, 8, 8, 8,
            8, 8, 8, 8, 8, 8, 30, 1, 1, 1, 30, 8, 8, 8, 8, 8, 8,
            8, 8, 8, 8, 8, 8, 8, 1, 1, 1, 8, 8, 8, 8, 8, 8, 8,
            8, 8, 8, 8, 8, 8, 8, 8, 8, 8, 8, 8, 8, 8, 8, 8, 8],
         "height":10,
         "id":1,
         "name":"template",
         "opacity":1,
         "type":"tilelayer",
         "visible":true,
         "width":17,
         "x":0,
         "y":0
        }, 
        {
         "data":[9, 20, 20, 20, 20, 25, 20, 10, 13, 9, 20, 25, 20, 20, 20, 10, 13,
            14, 0, 0, 0, 0, 18, 0, 19, 20, 21, 0, 18, 0, 0, 0, 12, 13,
            13, 6, 7, 0, 0, 0, 0, 0, 0, 0, 0, 0, 0, 0, 5, 13, 13,
            13, 9, 21, 0, 0, 4, 0, 8, 0, 8, 0, 4, 0, 0, 19, 20, 10,
            13, 14, 0, 0, 0, 12, 7, 0, 0, 0, 5, 14, 0, 0, 0, 0, 12,
            13, 13, 6, 6, 6, 9, 21, 0, 0, 0, 19, 10, 6, 6, 6, 6, 13,
            13, 13, 13, 13, 13, 14, 0, 0, 0, 0, 0, 12, 13, 13, 13, 13, 13,
            13, 13, 13, 13, 13, 14, 0, 0, 0, 0, 0, 12, 13, 13, 13, 13, 13,
            13, 13, 13, 13, 13, 13, 7, 0, 0, 0, 5, 13, 13, 13, 13, 13, 13,
            13, 13, 13, 13, 13, 13, 13, 6, 6, 6, 13, 13, 13, 13, 13, 13, 13],
         "height":10,
         "id":2,
         "name":"walls",
         "opacity":1,
         "type":"tilelayer",
         "visible":true,
         "width":17,
         "x":0,
         "y":0
        }],
 "nextlayerid":3,
 "nextobjectid":1,
 "orientation":"orthogonal",
 "renderorder":"right-down",
 "tiledversion":"1.9.0",
 "tileheight":8,
 "tilesets":[
        {
         "firstgid":1,
         "source":"tileset.tsx"
        }],
 "tilewidth":8,
 "type":"map",
 "version":"1.9",
 "width":17
}