{ "compressionlevel":-1,
 "height":15,
 "infinite":false,
 "layers":[
        {
         "data":[8, 8, 8, 8, 8, 8, 8, 8, 8, 8, 8, 8, 8, 8, 8, 8, 8, 8, 8, 8,
            8, 1, 32, 33, 34, 1, 8, 8, 52, 8, 54, 8, 56, 82, 8, 8, 8, 8, 8, 8,
            8, 8, 8, 8, 8, 8, 8, 8, 1, 1, 1, 1, 1, 56, 8, 8, 82, 1, 76, 8,
            8, 50, 1, 1, 1, 50, 1, 1, 1, 1, 1, 1, 1, 8, 8, 8, 1, 1, 1, 8,
            8, 8, 1, 29, 1, 8, 1, 1, 1, 1, 1, 1, 1, 8, 8, 8, 1, 1, 1, 8,
            8, 8, 8, 8, 8, 8, 8, 56, 8, 52, 54, 8, 56, 8, 8, 8, 1, 1, 1, 8,
            8, 8, 8, 8, 8, 8, 8, 8, 8, 1, 1, 8, 8, 8, 8, 74, 1, 1, 74, 8,
            8, 8, 8, 1, 1, 62, 1, 1, 1, 1, 1, 1, 72, 8, 8, 1, 1, 1, 1, 8,
            8, 8, 8, 1, 1, 1, 62, 1, 1, 1, 1, 1, 1, 74, 1, 1, 1, 1, 1, 8,
            8, 8, 66, 1, 66, 1, 1, 62, 1, 1, 1, 1, 72, 1, 1, 1, 1, 8, 76, 8,
            8, 8, 1, 1, 1, 64, 1, 1, 8, 8, 82, 8, 8, 8, 8, 8, 8, 8, 8, 8,
            8, 8, 82, 1, 1, 1, 1, 1, 8, 1, 1, 1, 1, 1, 1, 1, 1, 90, 8, 8,
            8, 8, 8, 82, 1, 64, 8, 8, 8, 1, 1, 1, 1, 1, 1, 1, 90, 92, 8, 8,
            8, 8, 8, 8, 8, 8, 8, 8, 8, 1, 1, 1, 90, 1, 1, 1, 1, 90, 8, 8,
            8, 8, 8, 8, 8, 8, 8, 8, 8, 8, 8, 8, 8, 8, 8, 8, 8, 8, 8, 8],
         "height":15,
         "id":1,
         "name":"template",
         "opacity":1,
         "type":"tilelayer",
         "visible":true,
         "width":20,
         "x":0,
         "y":0
        }, 
        {
         "data":[9, 20, 20, 20, 20, 20, 10, 9, 20, 25, 20, 25, 20, 20, 10, 13, 13, 13, 13, 13,
            14, 0, 0, 0, 0, 0, 12, 14, 0, 18, 0, 18, 0, 0, 12, 9, 20, 20, 20, 10,
            9, 16, 16, 16, 16, 16, 20, 21, 0, 0, 0, 0, 0, 0, 12, 14, 0, 0, 0, 12,
            14, 0, 0, 0, 0, 0, 0, 0, 0, 0, 0, 0, 0, 5, 13, 14, 0, 0, 0, 12,
            13, 7, 0, 0, 0, 4, 0, 0, 0, 0, 0, 0, 0, 12, 13, 14, 0, 0, 0, 12,
            13, 13, 6, 6, 6, 13, 7, 0, 4, 0, 0, 4, 0, 12, 9, 21, 0, 0, 0, 12,
            13, 13, 9, 20, 20, 20, 20, 16, 21, 0, 0, 19, 16, 10, 14, 0, 0, 0, 0, 12,
            13, 13, 14, 0, 0, 0, 0, 0, 0, 0, 0, 0, 0, 19, 21, 0, 0, 0, 0, 12,
            13, 9, 21, 0, 0, 0, 0, 0, 0, 0, 0, 0, 0, 0, 0, 0, 0, 0, 0, 12,
            13, 14, 0, 0, 0, 0, 0, 0, 0, 0, 0, 0, 0, 0, 0, 0, 0, 4, 0, 12,
            13, 14, 0, 0, 0, 0, 0, 0, 2, 17, 0, 15, 16, 16, 16, 16, 16, 20, 27, 13,
            13, 14, 0, 0, 0, 0, 0, 0, 11, 0, 0, 0, 0, 0, 0, 0, 0, 0, 12, 13,
            13, 13, 7, 0, 0, 0, 5, 6, 14, 0, 0, 0, 0, 0, 0, 0, 0, 0, 12, 13,
            13, 13, 13, 6, 6, 6, 13, 13, 14, 0, 0, 0, 0, 0, 0, 0, 0, 0, 12, 13,
            13, 13, 13, 13, 13, 13, 13, 13, 13, 6, 6, 6, 6, 6, 6, 6, 6, 6, 13, 13],
         "height":15,
         "id":5,
         "name":"walls",
         "opacity":1,
         "type":"tilelayer",
         "visible":true,
         "width":20,
         "x":0,
         "y":0
        }],
 "nextlayerid":6,
 "nextobjectid":1,
 "orientation":"orthogonal",
 "renderorder":"right-down",
 "tiledversion":"1.9.0",
 "tileheight":8,
 "tilesets":[
        {
         "firstgid":1,
         "source":"tileset.tsx"
        }, 
        {
         "firstgid":50,
         "source":"levels.tsx"
        }],
 "tilewidth":8,
 "type":"map",
 "version":"1.9",
 "width":20
}