{ "compressionlevel":-1,
 "height":8,
 "infinite":false,
 "layers":[
        {
         "data":[8, 8, 8, 8, 8, 8, 8, 8, 8, 8,
            8, 8, 8, 8, 8, 8, 1, 30, 8, 8,
            8, 8, 8, 8, 8, 8, 1, 1, 8, 8,
            8, 1, 1, 1, 30, 8, 1, 1, 8, 8,
            8, 1, 29, 1, 1, 1, 1, 1, 8, 8,
            8, 1, 1, 1, 8, 8, 30, 1, 8, 8,
            8, 8, 8, 8, 8, 8, 8, 1, 30, 8,
            8, 8, 8, 8, 8, 8, 8, 8, 8, 8],
         "height":8,
         "id":3,
         "name":"template",
         "opacity":1,
         "type":"tilelayer",
         "visible":true,
         "width":10,
         "x":0,
         "y":0
        }, 
        {
         "data":[13, 13, 13, 13, 13, 9, 20, 20, 10, 13,
            13, 13, 13, 13, 13, 14, 0, 0, 12, 13,
            9, 20, 20, 20, 20, 23, 0, 0, 12, 13,
            14, 0, 0, 0, 0, 18, 0, 0, 12, 13,
            14, 0, 0, 0, 0, 0, 0, 0, 12, 13,
            14, 0, 0, 0, 5, 7, 0, 0, 19, 10,
            13, 6, 6, 6, 13, 13, 7, 0, 0, 12,
            13, 13, 13, 13, 13, 13, 13, 6, 6, 13],
         "height":8,
         "id":29,
         "name":"walls",
         "opacity":1,
         "type":"tilelayer",
         "visible":true,
         "width":10,
         "x":0,
         "y":0
        }],
 "nextlayerid":30,
 "nextobjectid":1,
 "orientation":"orthogonal",
 "renderorder":"right-down",
 "tiledversion":"1.9.0",
 "tileheight":8,
 "tilesets":[
        {
         "firstgid":1,
         "source":"tileset.tsx"
        }],
 "tilewidth":8,
 "type":"map",
 "version":"1.9",
 "width":10
}